{"cameraMode":{"drawMode":0,"name":"Shaded","section":"Shading Mode"},"sceneLighting":false,"audioPlay":false,"sceneViewState":{"showFog":false,"showMaterialUpdate":false,"showSkybox":false,"showFlares":false,"showImageEffects":false,"showParticleSystems":false},"in2DMode":false,"pivot":{"x":0.0,"y":0.6724613904953003,"z":0.027246952056884767},"rotation":{"x":-0.1268843710422516,"y":0.8666941523551941,"z":-0.27983465790748598,"w":-0.39298149943351748},"size":2.5587151050567629,"orthographic":false}