{"cameraMode":{"drawMode":0,"name":"Shaded","section":"Shading Mode"},"sceneLighting":true,"audioPlay":false,"sceneViewState":{"showFog":false,"showMaterialUpdate":false,"showSkybox":false,"showFlares":false,"showImageEffects":false,"showParticleSystems":false},"in2DMode":false,"pivot":{"x":-59.33183670043945,"y":-38.68778991699219,"z":-77.89791107177735},"rotation":{"x":0.062418755143880847,"y":-0.9270449876785278,"z":0.1787744015455246,"w":0.3237762749195099},"size":58.22047424316406,"orthographic":false}