{"cameraMode":{"drawMode":0,"name":"Shaded","section":"Shading Mode"},"sceneLighting":false,"audioPlay":false,"sceneViewState":{"showFog":false,"showMaterialUpdate":false,"showSkybox":false,"showFlares":false,"showImageEffects":false,"showParticleSystems":false},"in2DMode":false,"pivot":{"x":-1.821083426475525,"y":2.874159336090088,"z":-2.727734088897705},"rotation":{"x":0.2404024600982666,"y":0.06400927901268006,"z":-0.015868645161390306,"w":0.9684697389602661},"size":2.3779993057250978,"orthographic":false}